<?xml version="1.0" encoding="UTF-8"?>
<project-private xmlns="http://www.netbeans.org/ns/project-private/1">
    <editor-bookmarks xmlns="http://www.netbeans.org/ns/editor-bookmarks/1"/>
    <open-files xmlns="http://www.netbeans.org/ns/projectui-open-files/1">
        <file>file:/C:/handson_ajax/ajaxdwrintro/samples/dwr.examples.chat/web/WEB-INF/web.xml</file>
        <file>file:/C:/handson_ajax/ajaxdwrintro/samples/dwr.examples.chat/web/WEB-INF/dwr.xml</file>
        <file>file:/C:/handson_ajax/ajaxdwrintro/samples/dwr.examples.chat/nbproject/build-impl.xml</file>
        <file>file:/C:/handson_ajax/ajaxdwrintro/samples/dwr.examples.chat/src/java/org/getahead/dwrdemo/chat/Message.java</file>
        <file>file:/C:/handson_ajax/ajaxdwrintro/samples/dwr.examples.chat/src/java/org/getahead/dwrdemo/chat/JavaChat.java</file>
        <file>file:/C:/handson_ajax/ajaxdwrintro/samples/dwr.examples.chat/src/java/org/getahead/dwrdemo/chat/JavascriptChat.java</file>
        <file>file:/C:/handson_ajax/ajaxdwrintro/samples/dwr.examples.chat/web/chat/java-chat.html</file>
        <file>file:/C:/handson_ajax/ajaxdwrintro/samples/dwr.examples.chat/web/chat/javascript-chat.html</file>
    </open-files>
</project-private>
