<?xml version="1.0" encoding="UTF-8"?>
<project-private xmlns="http://www.netbeans.org/ns/project-private/1">
    <editor-bookmarks xmlns="http://www.netbeans.org/ns/editor-bookmarks/1"/>
    <open-files xmlns="http://www.netbeans.org/ns/projectui-open-files/1">
        <file>file:/C:/handson_ajax/ajaxjavascript/samples/javascript_objects/web/createobject_directly.html</file>
        <file>file:/C:/handson_ajax/ajaxjavascript/samples/javascript_objects/web/createobject_function_properties.html</file>
        <file>file:/C:/handson_ajax/ajaxjavascript/samples/javascript_objects/web/createobject_directly_add2ndobject.html</file>
        <file>file:/C:/handson_ajax/ajaxjavascript/samples/javascript_objects/web/createobject_bytemplate.html</file>
    </open-files>
</project-private>
