<?xml version="1.0" encoding="UTF-8"?>
<!DOCTYPE dwr PUBLIC "-//GetAhead Limited//DTD Direct Web Remoting 2.0//EN" "http://getahead.org/dwr/dwr20.dtd">

<dwr>
  <allow>
   <!-- chat -->
    <create creator="new" javascript="JavascriptChat" scope="application">
      <param name="class" value="org.getahead.dwrdemo.chat.JavascriptChat"/>
    </create>
    <create creator="new" javascript="JavaChat" scope="application">
      <param name="class" value="org.getahead.dwrdemo.chat.JavaChat"/>
    </create>
    <convert converter="bean" match="org.getahead.dwrdemo.chat.Message"/>
  </allow>
</dwr>

