<?xml version="1.0" encoding="UTF-8"?>
<project-private xmlns="http://www.netbeans.org/ns/project-private/1">
    <editor-bookmarks xmlns="http://www.netbeans.org/ns/editor-bookmarks/1"/>
    <open-files xmlns="http://www.netbeans.org/ns/projectui-open-files/1">
        <file>file:/C:/handson_rails/rails_viewhelpers/solutions.netbeans6.9/exercise1/college/app/controllers/students_controller.rb</file>
        <file>file:/C:/handson_rails/rails_viewhelpers/solutions.netbeans6.9/exercise1/college/app/views/students/_editable_student_form.html.erb</file>
        <file>file:/C:/handson_rails/rails_viewhelpers/solutions.netbeans6.9/exercise1/college/app/helpers/students_helper.rb</file>
        <file>file:/C:/handson_rails/rails_viewhelpers/solutions.netbeans6.9/exercise1/college/app/helpers/application_helper.rb</file>
        <file>file:/C:/handson_rails/rails_viewhelpers/solutions.netbeans6.9/exercise1/college/db/migrate/20100927192617_add_test_data.rb</file>
        <file>file:/C:/handson_rails/rails_viewhelpers/solutions.netbeans6.9/exercise1/college/db/migrate/20100927191836_create_countries.rb</file>
        <file>file:/C:/handson_rails/rails_viewhelpers/solutions.netbeans6.9/exercise1/college/db/migrate/20100927191704_create_students.rb</file>
        <file>file:/C:/handson_rails/rails_viewhelpers/solutions.netbeans6.9/exercise1/college/db/schema.rb</file>
        <file>file:/C:/handson_rails/rails_viewhelpers/solutions.netbeans6.9/exercise1/college/db/seeds.rb</file>
        <file>file:/C:/handson_rails/rails_viewhelpers/solutions.netbeans6.9/exercise1/college/public/stylesheets/scaffold.css</file>
        <file>file:/C:/handson_rails/rails_viewhelpers/solutions.netbeans6.9/exercise1/college/app/views/students/new.html.erb</file>
        <file>file:/C:/handson_rails/rails_viewhelpers/solutions.netbeans6.9/exercise1/college/config/environment.rb</file>
        <file>file:/C:/handson_rails/rails_viewhelpers/solutions.netbeans6.9/exercise1/college/log/development.log</file>
    </open-files>
</project-private>
