<?xml version="1.0" encoding="UTF-8"?>
<project-private xmlns="http://www.netbeans.org/ns/project-private/1">
    <editor-bookmarks xmlns="http://www.netbeans.org/ns/editor-bookmarks/1"/>
    <open-files xmlns="http://www.netbeans.org/ns/projectui-open-files/1">
        <file>file:/C:/handson_ajax/dojo_widgets/samples/dijit_CommandControl/web/dijit_Form_DropDownButton.html</file>
        <file>file:/C:/handson_ajax/dojo_widgets/samples/dijit_CommandControl/web/dijit_Form_ComboButton.html</file>
        <file>file:/C:/handson_ajax/dojo_widgets/samples/dijit_CommandControl/web/dijit_Menu.html</file>
        <file>file:/C:/handson_ajax/dojo_widgets/samples/dijit_CommandControl/web/dijit_Toolbar.html</file>
        <file>file:/C:/handson_ajax/dojo_widgets/samples/dijit_CommandControl/web/dijit_Form_Button.html</file>
        <file>file:/C:/handson_ajax/dojo_widgets/samples/dijit_CommandControl/web/index.jsp</file>
    </open-files>
</project-private>
