<?xml version="1.0" encoding="UTF-8"?><!--
  ~ Copyright (c) 2001-2007, TIBCO Software Inc.
  ~ Use, modification, and distribution subject to terms of license.
  --><serialization xmlns="urn:tibco.com/v3.0">
 <name><![CDATA[Line]]></name>
 <icon><![CDATA[icons/overlayLine.gif]]></icon>
 <description><![CDATA[a sample line chart of type 'Overlay']]></description>
 <onBeforeDeserialize/>
 <onAfterDeserialize/>
  <object type="jsx3.chart.LineChart">
   <dynamics/>
   <variants alpha="1" borderAlpha="1" borderWidth="1" jsxheight="300" jsxleft="0" jsxrelativeposition="1" jsxtop="0" jsxwidth="400" loadState="1"/>
   <strings borderColor="#999999" dataPadding="14 10 6 6" jsxbgcolor="#FFFFFF" jsxname="lineChart" jsxxml="&lt;data jsxid=&quot;jsxroot&quot;&gt;&lt;record x1=&quot;70&quot; x2=&quot;10&quot;/&gt;&lt;record x1=&quot;30&quot; x2=&quot;20&quot;/&gt;&lt;record x1=&quot;20&quot; x2=&quot;40&quot;/&gt;&lt;record x1=&quot;40&quot; x2=&quot;30&quot;/&gt;&lt;record x1=&quot;10&quot; x2=&quot;10&quot;/&gt;&lt;record x1=&quot;50&quot; x2=&quot;10&quot;/&gt;&lt;/data&gt;" legendPlacement="right" titlePlacement="top" type="overlay"/>
    <object type="jsx3.chart.ChartLabel">
     <dynamics/>
     <variants jsxfontsize="14" labelRotation="0"/>
     <strings jsxbgcolor="#666666" jsxcolor="#FFFFFF" jsxfontname="Arial" jsxfontweight="bold" jsxname="title" jsxpadding="4 0 0 0" jsxtext="Line Chart" jsxtextalign="center"/>
    </object>
    <object type="jsx3.chart.CategoryAxis">
     <dynamics/>
     <variants horizontal="1" labelGap="3" minorTickDivisions="4" minorTickLength="2" numCategories="6" numSeries="2" primary="1" showAxis="1" showLabels="1" tickLength="3"/>
     <strings axisStroke="#000000 1 1" jsxname="xAxis" labelPlacement="axis" labelStyle="font-size: 8px; font-family: Verdana;" minorTickPlacement="outside" tickAlignment="between" tickPlacement="outside" tickStroke="#000000 1 1"/>
      <object type="jsx3.chart.ChartLabel">
       <dynamics/>
       <variants jsxfontsize="12" labelRotation="0" preferredHeight="14"/>
       <strings jsxfontname="Arial" jsxfontweight="bold" jsxname="xTitle" jsxtext="Hour" jsxtextalign="center"/>
      </object>
    </object>
    <object type="jsx3.chart.LinearAxis">
     <dynamics/>
     <variants autoAdjust="1" baseAtZero="1" displayWidth="15" horizontal="0" labelGap="3" minorTickDivisions="4" minorTickLength="3" primary="1" showAxis="1" showLabels="1" tickLength="3"/>
     <strings axisStroke="#000000 1 1" jsxname="yAxis" labelPlacement="axis" labelStyle="font-size: 8px; font-family: Verdana; text-align: right;" minorTickPlacement="none" minorTickStroke="#000000 1 1" tickPlacement="outside" tickStroke="#000000 1 1"/>
      <object type="jsx3.chart.ChartLabel">
       <dynamics/>
       <variants jsxfontsize="12" labelRotation="270"/>
       <strings jsxfontname="Arial" jsxfontweight="bold" jsxname="ytitle" jsxtext="Events" jsxtextalign="center"/>
      </object>
    </object>
    <object type="jsx3.chart.GridLines">
     <dynamics/>
     <variants horizontalAbove="1" inForeground="0" strokeMajorH="['#DDDDDD 1 1']" strokeMinorH="['#EEEEEE 1 1']" useXPrimary="1" useYPrimary="1"/>
     <strings borderStroke="#CCCCCC 1" jsxname="grid"/>
    </object>
    <object type="jsx3.chart.LineSeries">
     <dynamics/>
     <variants index="0" interpolateValues="1" usePrimaryX="1" usePrimaryY="1"/>
     <strings form="segment" jsxname="series1" pointFill="#FF0000" pointRenderer="jsx3.chart.PointRenderer.CIRCLE" pointStroke="#990000" seriesName="Errors" stroke="#999999" tooltipFunction="jsx3.chart.LineSeries.tooltip" yField="x1"/>
    </object>
    <object type="jsx3.chart.LineSeries">
     <dynamics/>
     <variants index="1" interpolateValues="1" usePrimaryX="1" usePrimaryY="1"/>
     <strings form="segment" jsxname="series2" pointFill="#FFFF00" pointRenderer="jsx3.chart.PointRenderer.DIAMOND" pointStroke="#999900" seriesName="Warnings" stroke="#999999" tooltipFunction="jsx3.chart.LineSeries.tooltip" yField="x2"/>
    </object>
    <object type="jsx3.chart.Legend">
     <dynamics/>
     <variants boxHeight="13" boxSpace="6" lineHeight="22" titleSpace="8"/>
     <strings backgroundStroke="#BBBBBB" jsxmargin="10 10 10 4" jsxname="legend" jsxpadding="4 4 0 4" labelStyle="font-size: 10px; font-weight: bold;"/>
      <object type="jsx3.chart.ChartLabel">
       <dynamics/>
       <variants jsxfontsize="12" labelRotation="0"/>
       <strings jsxfontname="Arial" jsxfontweight="bold" jsxname="legendTitle" jsxtext="Legend" jsxtextalign="center"/>
      </object>
    </object>
  </object>
</serialization>