<?xml version="1.0" encoding="UTF-8"?><!--
  ~ Copyright (c) 2001-2007, TIBCO Software Inc.
  ~ Use, modification, and distribution subject to terms of license.
  --><serialization xmlns="urn:tibco.com/v3.0">
 <name><![CDATA[Plot - Point]]></name>
 <icon><![CDATA[icons/plotPoint.gif]]></icon>
 <description><![CDATA[a sample point chart]]></description>
 <onBeforeDeserialize/>
 <onAfterDeserialize/>
  <object type="jsx3.chart.PlotChart">
   <dynamics/>
   <variants alpha="1" borderAlpha="1" borderWidth="1" jsxheight="300" jsxleft="0" jsxrelativeposition="1" jsxtop="0" jsxwidth="400" loadState="1" maxPointRadius="30"/>
   <strings borderColor="#999999" dataPadding="14 10 6 6" jsxbgcolor="#FFFFFF" jsxname="scatterChart" jsxxml="&lt;data jsxid=&quot;jsxroot&quot;&gt;&lt;record jsxname=&quot;John&quot; w1=&quot;70&quot; h1=&quot;172&quot;/&gt;&lt;record jsxname=&quot;Max&quot; w1=&quot;82&quot; h1=&quot;185&quot;/&gt;&lt;record jsxname=&quot;Matthew&quot; w1=&quot;67&quot; h1=&quot;178&quot;/&gt;&lt;record jsxname=&quot;Justin&quot; w1=&quot;72&quot; h1=&quot;165&quot;/&gt;&lt;record jsxname=&quot;Sara&quot; w2=&quot;60&quot; h2=&quot;165&quot;/&gt;&lt;record jsxname=&quot;Mary&quot; w2=&quot;55&quot; h2=&quot;158&quot;/&gt;&lt;record jsxname=&quot;Elizabeth&quot; w2=&quot;67&quot; h2=&quot;162&quot;/&gt;&lt;record jsxname=&quot;Zelda&quot; w2=&quot;58&quot; h2=&quot;175&quot;/&gt;&lt;/data&gt;" legendPlacement="right" magnitudeMethod="radius" titlePlacement="top"/>
    <object type="jsx3.chart.ChartLabel">
     <dynamics/>
     <variants jsxfontsize="14" labelRotation="0"/>
     <strings jsxbgcolor="#666666" jsxcolor="#FFFFFF" jsxfontname="Arial" jsxfontweight="bold" jsxname="title" jsxpadding="4 0 0 0" jsxtext="Point Chart" jsxtextalign="center"/>
    </object>
    <object type="jsx3.chart.LinearAxis">
     <dynamics/>
     <variants autoAdjust="1" baseAtZero="0" horizontal="1" labelGap="3" minorTickDivisions="4" minorTickLength="2" primary="1" showAxis="1" showLabels="1" tickLength="3"/>
     <strings axisStroke="#000000 1 1" jsxname="xAxis" labelPlacement="axis" labelStyle="font-size: 8px; font-family: Verdana;" minorTickPlacement="outside" minorTickStroke="#666666 1" tickAlignment="aligned" tickPlacement="outside" tickStroke="#000000 1 1"/>
      <object type="jsx3.chart.ChartLabel">
       <dynamics/>
       <variants jsxfontsize="12" labelRotation="0" preferredHeight="14"/>
       <strings jsxfontname="Arial" jsxfontweight="bold" jsxname="xTitle" jsxtext="Weight (kg)" jsxtextalign="center"/>
      </object>
    </object>
    <object type="jsx3.chart.LinearAxis">
     <dynamics/>
     <variants autoAdjust="1" baseAtZero="0" displayWidth="25" horizontal="0" labelGap="3" minorTickDivisions="4" minorTickLength="3" primary="1" showAxis="1" showLabels="1" tickLength="3"/>
     <strings axisStroke="#000000 1 1" jsxname="yAxis" labelPlacement="axis" labelStyle="font-size: 8px; font-family: Verdana; text-align: right;" minorTickPlacement="none" minorTickStroke="#000000 1 1" tickAlignment="aligned" tickPlacement="outside" tickStroke="#000000 1 1"/>
      <object type="jsx3.chart.ChartLabel">
       <dynamics/>
       <variants jsxfontsize="12" labelRotation="270" preferredWidth="14"/>
       <strings jsxfontname="Arial" jsxfontweight="bold" jsxname="ytitle" jsxtext="Height (cm)" jsxtextalign="center"/>
      </object>
    </object>
    <object type="jsx3.chart.GridLines">
     <dynamics/>
     <variants fillV="['#E8E8E8 1']" horizontalAbove="1" inForeground="0" strokeMajorH="['#FFFFFF 1 1']" strokeMajorV="['#FFFFFF 1 1']" strokeMinorH="['#EEEEEE 1 1']" strokeMinorV="['#EEEEEE 1 1']" useXPrimary="1" useYPrimary="1"/>
     <strings borderStroke="#CCCCCC 1" jsxname="grid"/>
    </object>
    <object type="jsx3.chart.PointSeries">
     <dynamics/>
     <variants index="0" usePrimaryX="1" usePrimaryY="1"/>
     <strings fill="#66CC00" jsxname="series1" renderer="jsx3.chart.PointRenderer.CIRCLE" seriesName="Men" tooltipFunction="jsx3.chart.PointSeries.tooltip" xField="w1" yField="h1"/>
    </object>
    <object type="jsx3.chart.PointSeries">
     <dynamics/>
     <variants index="1" usePrimaryX="1" usePrimaryY="1"/>
     <strings fill="#FF0033" jsxname="series2" renderer="jsx3.chart.PointRenderer.DIAMOND" seriesName="Women" tooltipFunction="jsx3.chart.PointSeries.tooltip" xField="w2" yField="h2"/>
    </object>
    <object type="jsx3.chart.Legend">
     <dynamics/>
     <variants boxHeight="10" boxSpace="6" lineHeight="22" titleSpace="8"/>
     <strings backgroundStroke="#BBBBBB" jsxmargin="10 10 10 4" jsxname="legend" jsxpadding="4 4 0 4" labelStyle="font-size: 10px; font-weight: bold;"/>
      <object type="jsx3.chart.ChartLabel">
       <dynamics/>
       <variants jsxfontsize="12" labelRotation="0"/>
       <strings jsxfontname="Arial" jsxfontweight="bold" jsxname="legendTitle" jsxtext="Legend" jsxtextalign="center"/>
      </object>
    </object>
  </object>
</serialization>