<?xml version="1.0" encoding="UTF-8"?><!--
  ~ Copyright (c) 2001-2007, TIBCO Software Inc.
  ~ Use, modification, and distribution subject to terms of license.
  --><serialization xmlns="urn:tibco.com/v3.0">
 <name><![CDATA[Area - Stacked]]></name>
 <icon><![CDATA[icons/stackedArea.gif]]></icon>
 <description><![CDATA[a sample area chart of type 'Stacked']]></description>
 <onBeforeDeserialize/>
 <onAfterDeserialize/>
  <object type="jsx3.chart.AreaChart">
   <dynamics/>
   <variants alpha="1" borderAlpha="1" borderWidth="1" jsxheight="300" jsxleft="0" jsxrelativeposition="1" jsxtop="0" jsxwidth="400" loadState="1"/>
   <strings borderColor="#999999" dataPadding="14 10 6 6" jsxbgcolor="#FFFFFF" jsxname="stackedAreaChart" jsxxml="&lt;data jsxid=&quot;jsxroot&quot;&gt;&lt;record year=&quot;1998&quot; pub=&quot;5.1&quot; pvt=&quot;7.2&quot;/&gt; &lt;record year=&quot;1999&quot; pub=&quot;5.2&quot; pvt=&quot;7.4&quot;/&gt; &lt;record year=&quot;2000&quot; pub=&quot;5.3&quot; pvt=&quot;7.5&quot;/&gt; &lt;record year=&quot;2001&quot; pub=&quot;5.3&quot; pvt=&quot;7.8&quot;/&gt; &lt;record year=&quot;2002&quot; pub=&quot;5.4&quot; pvt=&quot;8.4&quot;/&gt; &lt;record year=&quot;2003&quot; pub=&quot;5.6&quot; pvt=&quot;8.8&quot;/&gt; &lt;record year=&quot;2004&quot; pub=&quot;5.8&quot; pvt=&quot;9.2&quot;/&gt; &lt;record year=&quot;2005*&quot; pub=&quot;6.2&quot; pvt=&quot;9.0&quot;/&gt; &lt;record year=&quot;2006*&quot; pub=&quot;6.5&quot; pvt=&quot;8.9&quot;/&gt; &lt;record year=&quot;2007*&quot; pub=&quot;6.6&quot; pvt=&quot;9.0&quot;/&gt; &lt;/data&gt;" legendPlacement="right" titlePlacement="top" type="stacked"/>
    <object type="jsx3.chart.ChartLabel">
     <dynamics/>
     <variants jsxfontsize="14" labelRotation="0"/>
     <strings jsxbgcolor="#666666" jsxcolor="#FFFFFF" jsxfontname="Arial" jsxfontweight="bold" jsxname="title" jsxpadding="4 0 0 0" jsxtext="Stacked Area Chart" jsxtextalign="center"/>
    </object>
    <object type="jsx3.chart.CategoryAxis">
     <dynamics/>
     <variants horizontal="1" labelGap="3" minorTickDivisions="4" minorTickLength="2" numCategories="10" numSeries="2" primary="1" showAxis="1" showLabels="1" tickLength="3"/>
     <strings axisStroke="#000000 1 1" categoryField="year" jsxname="xAxis" labelPlacement="axis" labelStyle="font-family: Verdana; font-size: 8px;" minorTickPlacement="none" minorTickStroke="#666666 1" tickAlignment="aligned" tickPlacement="outside" tickStroke="#000000 1 1"/>
    </object>
    <object type="jsx3.chart.LinearAxis">
     <dynamics/>
     <variants autoAdjust="1" baseAtZero="1" displayWidth="20" horizontal="0" labelGap="3" minorTickDivisions="4" minorTickLength="3" primary="1" showAxis="1" showLabels="1" tickLength="3"/>
     <strings axisStroke="#000000 1 1" jsxname="yAxis" labelFunction="jsx3.chart.Axis.percent" labelPlacement="axis" labelStyle="font-family: Verdana; font-size: 8px; text-align: right;" minorTickPlacement="none" minorTickStroke="#000000 1 1" tickPlacement="outside" tickStroke="#000000 1 1"/>
      <object type="jsx3.chart.ChartLabel">
       <dynamics/>
       <variants jsxfontsize="12" labelRotation="270" preferredWidth="14"/>
       <strings jsxfontname="Arial" jsxfontweight="bold" jsxname="ytitle" jsxtext="Percent of GDP for Healthcare" jsxtextalign="center"/>
      </object>
    </object>
    <object type="jsx3.chart.GridLines">
     <dynamics/>
     <variants fillH="['#FFFFFF','#EEEEEE']" horizontalAbove="1" inForeground="0" useXPrimary="1" useYPrimary="1"/>
     <strings jsxname="grid"/>
    </object>
    <object type="jsx3.chart.AreaSeries">
     <dynamics/>
     <variants index="0" pointRadius="3" usePrimaryX="1" usePrimaryY="1"/>
     <strings fill="#3399FF .4" form="segment" jsxname="series1" pointRenderer="jsx3.chart.PointRenderer.DIAMOND" pointStroke="#0066FF" seriesName="Public" stroke="#3399FF" tooltipFunction="jsx3.chart.AreaSeries.tooltip" yField="pub"/>
    </object>
    <object type="jsx3.chart.AreaSeries">
     <dynamics/>
     <variants index="1" pointRadius="3" usePrimaryX="1" usePrimaryY="1"/>
     <strings fill="#9966FF .4" form="segment" jsxname="series2" pointRenderer="jsx3.chart.PointRenderer.DIAMOND" pointStroke="#6633FF" seriesName="Private" stroke="#9966FF" tooltipFunction="jsx3.chart.AreaSeries.tooltip" yField="pvt"/>
    </object>
    <object type="jsx3.chart.Legend">
     <dynamics/>
     <variants boxHeight="10" boxSpace="6" lineHeight="22" titleSpace="8"/>
     <strings backgroundStroke="#BBBBBB" jsxmargin="10 10 10 4" jsxname="legend" jsxpadding="4 4 0 4" labelStyle="font-size: 10px; font-weight: bold;"/>
      <object type="jsx3.chart.ChartLabel">
       <dynamics/>
       <variants jsxfontsize="12" labelRotation="0"/>
       <strings jsxfontname="Arial" jsxfontweight="bold" jsxname="legendTitle" jsxtext="Legend" jsxtextalign="center"/>
      </object>
    </object>
  </object>
</serialization>