<?xml version="1.0" encoding="UTF-8"?>
<project-private xmlns="http://www.netbeans.org/ns/project-private/1">
    <editor-bookmarks xmlns="http://www.netbeans.org/ns/editor-bookmarks/1"/>
    <open-files xmlns="http://www.netbeans.org/ns/projectui-open-files/1">
        <file>file:/C:/handson_rails/rails_actionview/solutions.netbeans6.9/exercise1/rubyweblog/app/views/posts/edit.html.erb</file>
        <file>file:/C:/handson_rails/rails_actionview/solutions.netbeans6.9/exercise1/rubyweblog/app/views/posts/index.html.erb</file>
        <file>file:/C:/handson_rails/rails_actionview/solutions.netbeans6.9/exercise1/rubyweblog/app/views/posts/new.html.erb</file>
        <file>file:/C:/handson_rails/rails_actionview/solutions.netbeans6.9/exercise1/rubyweblog/app/views/posts/show.html.erb</file>
        <file>file:/C:/handson_rails/rails_actionview/solutions.netbeans6.9/exercise1/rubyweblog/app/views/shared/_header.erb</file>
        <file>file:/C:/handson_rails/rails_actionview/solutions.netbeans6.9/exercise1/rubyweblog/app/views/shared/_footer.erb</file>
    </open-files>
</project-private>
