<?xml version="1.0" encoding="UTF-8"?><!-- Published by JAX-WS RI at http://jax-ws.dev.java.net. RI's version is JAX-WS RI 2.1.3.3-hudson-757-SNAPSHOT. --><!-- Generated by JAX-WS RI at http://jax-ws.dev.java.net. RI's version is JAX-WS RI 2.1.3.3-hudson-757-SNAPSHOT. --><definitions xmlns:wsu="http://docs.oasis-open.org/wss/2004/01/oasis-200401-wss-wssecurity-utility-1.0.xsd" xmlns:soap="http://schemas.xmlsoap.org/wsdl/soap/" xmlns:tns="http://mypackage/" xmlns:xsd="http://www.w3.org/2001/XMLSchema" xmlns="http://schemas.xmlsoap.org/wsdl/" targetNamespace="http://mypackage/" name="HelloService" xmlns:wsp="http://www.w3.org/ns/ws-policy" xmlns:fi="http://java.sun.com/xml/ns/wsit/2006/09/policy/encoding/client">
<types>
<xsd:schema>
<xsd:import namespace="http://mypackage/" schemaLocation="http://localhost:8080/HelloWebService/HelloService?xsd=1"></xsd:import>
</xsd:schema>
</types>
<message name="sayHello">
<part name="parameters" element="tns:sayHello"></part>
</message>
<message name="sayHelloResponse">
<part name="parameters" element="tns:sayHelloResponse"></part>
</message>
<portType name="Hello">
<operation name="sayHello">
<input message="tns:sayHello"></input>
<output message="tns:sayHelloResponse"></output>
</operation>
</portType>
<binding name="HelloPortBinding" type="tns:Hello">
    <wsp:PolicyReference URI="#HelloPortBindingPolicy"/>
    <soap:binding transport="http://schemas.xmlsoap.org/soap/http" style="document"></soap:binding>
<operation name="sayHello">
<soap:operation soapAction=""></soap:operation>
<input>
<soap:body use="literal"></soap:body>
</input>
<output>
<soap:body use="literal"></soap:body>
</output>
</operation>
</binding>
<service name="HelloService">
<port name="HelloPort" binding="tns:HelloPortBinding">
<soap:address location="http://localhost:8080/HelloWebService/HelloService"></soap:address>
</port>
</service>
    <wsp:Policy wsu:Id="HelloPortBindingPolicy">
        <wsp:ExactlyOne>
            <wsp:All>
                <fi:AutomaticallySelectOptimalEncoding/>
            </wsp:All>
        </wsp:ExactlyOne>
    </wsp:Policy>
</definitions>
