<?xml version="1.0" encoding="UTF-8"?>
<project-private xmlns="http://www.netbeans.org/ns/project-private/1">
    <editor-bookmarks xmlns="http://www.netbeans.org/ns/editor-bookmarks/1"/>
    <open-files xmlns="http://www.netbeans.org/ns/projectui-open-files/1">
        <file>file:/C:/handson_ajax/dojo_widgets/samples/dijit_UserAssistance/web/dijit_Dialog.html</file>
        <file>file:/C:/handson_ajax/dojo_widgets/samples/dijit_UserAssistance/web/dijit_Tooltip.html</file>
        <file>file:/C:/handson_ajax/dojo_widgets/samples/dijit_UserAssistance/web/dijit_TooltipDialog.html</file>
        <file>file:/C:/handson_ajax/dojo_widgets/samples/dijit_UserAssistance/web/dijit_ProgressBar.html</file>
        <file>file:/C:/handson_ajax/dojo_widgets/samples/dijit_UserAssistance/web/dijit_TitlePane.html</file>
        <file>file:/C:/handson_ajax/dojo_widgets/samples/dijit_UserAssistance/web/index.jsp</file>
    </open-files>
</project-private>
