<?xml version="1.0" encoding="UTF-8"?>
<project-private xmlns="http://www.netbeans.org/ns/project-private/1">
    <editor-bookmarks xmlns="http://www.netbeans.org/ns/editor-bookmarks/1"/>
    <open-files xmlns="http://www.netbeans.org/ns/projectui-open-files/1">
        <file>file:/C:/handson_rails/rails_activerecord/solutions/exercise1/ActiveRecord_Creation/config/database.yml</file>
        <file>file:/C:/handson_rails/rails_activerecord/solutions/exercise1/ActiveRecord_Creation/db/migrate/20100312173516_create_users.rb</file>
        <file>file:/C:/handson_rails/rails_activerecord/solutions/exercise1/ActiveRecord_Creation/test/unit/user_test.rb</file>
        <file>file:/C:/handson_rails/rails_activerecord/solutions/exercise1/ActiveRecord_Creation/app/models/user.rb</file>
        <file>file:/C:/handson_rails/rails_activerecord/solutions/exercise1/ActiveRecord_Creation/db/migrate/20100312175427_add_more_data.rb</file>
    </open-files>
</project-private>
