<?xml version="1.0" encoding="UTF-8"?>
<project-private xmlns="http://www.netbeans.org/ns/project-private/1">
    <editor-bookmarks xmlns="http://www.netbeans.org/ns/editor-bookmarks/1"/>
    <open-files xmlns="http://www.netbeans.org/ns/projectui-open-files/1">
        <file>file:/C:/handson_rails/rails_associations/solutions/exercise0/rubyweblog/app/models/post.rb</file>
        <file>file:/C:/handson_rails/rails_associations/solutions/exercise0/rubyweblog/app/controllers/posts_controller.rb</file>
        <file>file:/C:/handson_rails/rails_associations/solutions/exercise0/rubyweblog/app/views/posts/show.html.erb</file>
    </open-files>
</project-private>
