<?xml version="1.0" encoding="UTF-8"?>
<project-private xmlns="http://www.netbeans.org/ns/project-private/1">
    <editor-bookmarks xmlns="http://www.netbeans.org/ns/editor-bookmarks/1"/>
    <open-files xmlns="http://www.netbeans.org/ns/projectui-open-files/1">
        <file>file:/C:/handson_ajax/ajaxjavascript/samples/javascript_objects_prototype/web/createobject_bytemplate_add2ndobject_prototype.html</file>
        <file>file:/C:/handson_ajax/ajaxjavascript/samples/javascript_objects_prototype/web/createobject_bytemplate_addnewproperty_with_prototype.html</file>
        <file>file:/C:/handson_ajax/ajaxjavascript/samples/javascript_objects_prototype/web/createobject_bytemplate_addnewproperty_without_prototype.html</file>
    </open-files>
</project-private>
