<?xml version="1.0" encoding="UTF-8"?>
<project-private xmlns="http://www.netbeans.org/ns/project-private/1">
    <editor-bookmarks xmlns="http://www.netbeans.org/ns/editor-bookmarks/1"/>
    <open-files xmlns="http://www.netbeans.org/ns/projectui-open-files/1">
        <file>file:/C:/handson_rails/rails_controller/solutions.netbeans6.9/exercise3/helloname/app/controllers/hello_controller.rb</file>
        <file>file:/C:/handson_rails/rails_controller/solutions.netbeans6.9/exercise3/helloname/app/views/hello/respond.html.erb</file>
        <file>file:/C:/handson_rails/rails_controller/solutions.netbeans6.9/exercise3/helloname/config/environment.rb</file>
        <file>file:/C:/handson_rails/rails_controller/solutions.netbeans6.9/exercise3/helloname/config/environments/development.rb</file>
        <file>file:/C:/handson_rails/rails_controller/solutions.netbeans6.9/exercise3/helloname/config/initializers/session_store.rb</file>
        <file>file:/C:/handson_rails/rails_controller/solutions.netbeans6.9/exercise3/helloname/app/controllers/application_controller.rb</file>
    </open-files>
</project-private>
