<?xml version="1.0" encoding="UTF-8"?>
<project-private xmlns="http://www.netbeans.org/ns/project-private/1">
    <editor-bookmarks xmlns="http://www.netbeans.org/ns/editor-bookmarks/1"/>
    <open-files xmlns="http://www.netbeans.org/ns/projectui-open-files/1">
        <file>file:/C:/handson_rails/rails_associations/solutions.netbeans6.9/exercise3/rubyweblog/db/migrate/20100718232517_create_categories.rb</file>
        <file>file:/C:/handson_rails/rails_associations/solutions.netbeans6.9/exercise3/rubyweblog/test/unit/category_test.rb</file>
        <file>file:/C:/handson_rails/rails_associations/solutions.netbeans6.9/exercise3/rubyweblog/app/models/category.rb</file>
        <file>file:/C:/handson_rails/rails_associations/solutions.netbeans6.9/exercise3/rubyweblog/db/migrate/20100718232842_create_categories_posts.rb</file>
        <file>file:/C:/handson_rails/rails_associations/solutions.netbeans6.9/exercise3/rubyweblog/app/models/post.rb</file>
        <file>file:/C:/handson_rails/rails_associations/solutions.netbeans6.9/exercise3/rubyweblog/db/migrate/20100718233755_create_test_data_for_many_to_many.rb</file>
    </open-files>
</project-private>
