<?xml version="1.0" encoding="UTF-8"?> 
 <definitions 
 xmlns="http://schemas.xmlsoap.org/wsdl/" 
 xmlns:wsdl="http://schemas.xmlsoap.org/wsdl/" 
 xmlns:xsd="http://www.w3.org/2001/XMLSchema" 
 xmlns:soap="http://schemas.xmlsoap.org/wsdl/soap/" name="HelloService" targetNamespace="http://mypackage/" xmlns:tns="http://mypackage/" xmlns:wsp="http://schemas.xmlsoap.org/ws/2004/09/policy" xmlns:wsu="http://docs.oasis-open.org/wss/2004/01/oasis-200401-wss-wssecurity-utility-1.0.xsd" xmlns:wsp1="http://www.w3.org/ns/ws-policy" xmlns:fi="http://java.sun.com/xml/ns/wsit/2006/09/policy/fastinfoset/service" xmlns:tcp="http://java.sun.com/xml/ns/wsit/2006/09/policy/soaptcp/service"
 >
    <message name="sayHello"/>
    <message name="sayHelloResponse"/>
    <portType name="Hello">
        <operation name="sayHello">
            <input message="tns:sayHello"/>
            <output message="tns:sayHelloResponse"/>
        </operation>
    </portType>
    <binding name="HelloPortBinding" type="tns:Hello">
        <operation name="sayHello">
            <input/>
            <output/>
        </operation>
    </binding>
    <service name="HelloService">
        <port name="HelloPort" binding="tns:HelloPortBinding"/>
    </service>
</definitions>



