<?xml version="1.0" encoding="UTF-8"?>
<project-private xmlns="http://www.netbeans.org/ns/project-private/1">
    <editor-bookmarks xmlns="http://www.netbeans.org/ns/editor-bookmarks/1"/>
    <open-files xmlns="http://www.netbeans.org/ns/projectui-open-files/1">
        <file>file:/C:/1passion.labs/handson_performance/nbprofiler_performance/samples/Java2D_homework/src/java2d/demos/Colors/Rotator3D.java</file>
        <file>file:/C:/1passion.labs/handson_performance/nbprofiler_performance/samples/Java2D_homework/src/java2d/demos/Colors/BullsEye.java</file>
        <file>file:/C:/1passion.labs/handson_performance/nbprofiler_performance/samples/Java2D_homework/src/java2d/demos/Colors/ColorConvert.java</file>
    </open-files>
</project-private>
