<?xml version="1.0" encoding="UTF-8"?>
<project-private xmlns="http://www.netbeans.org/ns/project-private/1">
    <editor-bookmarks xmlns="http://www.netbeans.org/ns/editor-bookmarks/1"/>
    <open-files xmlns="http://www.netbeans.org/ns/projectui-open-files/1">
        <file>file:/C:/handson_ajax/dojo_widgets/samples/dijit_AdvancedEditing/web/dijit_Editor.html</file>
        <file>file:/C:/handson_ajax/dojo_widgets/samples/dijit_AdvancedEditing/web/dijit_ColorPalette.html</file>
        <file>file:/C:/handson_ajax/dojo_widgets/samples/dijit_AdvancedEditing/web/dijit_InlineEditBox.html</file>
        <file>file:/C:/handson_ajax/dojo_widgets/samples/dijit_AdvancedEditing/web/index.jsp</file>
    </open-files>
</project-private>
