<?xml version="1.0" encoding="UTF-8"?>
<project-private xmlns="http://www.netbeans.org/ns/project-private/1">
    <editor-bookmarks xmlns="http://www.netbeans.org/ns/editor-bookmarks/1"/>
    <open-files xmlns="http://www.netbeans.org/ns/projectui-open-files/1">
        <file>file:/C:/handson_ajax/dojo_widgets/samples/dijit_AdvancedEditing_Tree/web/dijit_Tree_Simple.html</file>
        <file>file:/C:/handson_ajax/dojo_widgets/samples/dijit_AdvancedEditing_Tree/web/dijit_Tree_Events.html</file>
        <file>file:/C:/handson_ajax/dojo_widgets/samples/dijit_AdvancedEditing_Tree/web/dijit_Tree_Dojo.data_referenced.html</file>
        <file>file:/C:/handson_ajax/dojo_widgets/samples/dijit_AdvancedEditing_Tree/web/dijit_Tree_Dojo.data_directlyNested.html</file>
        <file>file:/C:/handson_ajax/dojo_widgets/samples/dijit_AdvancedEditing_Tree/web/treefiles/poptarts.txt</file>
        <file>file:/C:/handson_ajax/dojo_widgets/samples/dijit_AdvancedEditing_Tree/web/treefiles/poptarts_directlyNested.txt</file>
        <file>file:/C:/handson_ajax/dojo_widgets/samples/dijit_AdvancedEditing_Tree/web/treefiles/poptarts_referenced.txt</file>
        <file>file:/C:/handson_ajax/dojo_widgets/samples/dijit_AdvancedEditing_Tree/web/index.jsp</file>
    </open-files>
</project-private>
