<?xml version="1.0" encoding="UTF-8"?>
<project-private xmlns="http://www.netbeans.org/ns/project-private/1">
    <editor-bookmarks xmlns="http://www.netbeans.org/ns/editor-bookmarks/1"/>
    <open-files xmlns="http://www.netbeans.org/ns/projectui-open-files/1">
        <file>file:/C:/handson_ws/ws_performance/samples/HelloWebServiceClientWSMonitor/catalog.xml</file>
        <file>file:/C:/handson_ws/ws_performance/samples/HelloWebServiceClientWSMonitor/manifest.mf</file>
        <file>file:/C:/handson_ws/ws_performance/samples/HelloWebServiceClientWSMonitor/build.xml</file>
        <file>file:/C:/handson_ws/ws_performance/samples/HelloWebServiceClientWSMonitor/src/META-INF/wsit-client.xml</file>
        <file>file:/C:/handson_ws/ws_performance/samples/HelloWebServiceClientWSMonitor/src/META-INF/HelloService.xml</file>
    </open-files>
</project-private>
