<?xml version="1.0" encoding="UTF-8"?>
<jax-ws xmlns="http://www.netbeans.org/ns/jax-ws/1">
  <services/>
  <clients>
    <client name="HelloService">
      <wsdl-url>http://localhost:8080/HelloWebService/HelloService?WSDL</wsdl-url>
      <local-wsdl-file>localhost_8080/HelloWebService/HelloService.wsdl</local-wsdl-file>
      <package-name>mypackage</package-name>
      <catalog-file>catalog.xml</catalog-file>
      <wsimport-options>
        <wsimport-option>
          <wsimport-option-name>extension</wsimport-option-name>
          <wsimport-option-value>true</wsimport-option-value>
        </wsimport-option>
        <wsimport-option>
          <wsimport-option-name>verbose</wsimport-option-name>
          <wsimport-option-value>true</wsimport-option-value>
        </wsimport-option>
        <wsimport-option>
          <wsimport-option-name>wsdlLocation</wsimport-option-name>
          <wsimport-option-value>http://localhost:8080/HelloWebService/HelloService?WSDL</wsimport-option-value>
        </wsimport-option>
        <wsimport-option>
          <wsimport-option-name>xnocompile</wsimport-option-name>
          <wsimport-option-value>true</wsimport-option-value>
        </wsimport-option>
      </wsimport-options>
    </client>
  </clients>
  <jsr109>false</jsr109>
</jax-ws>
