<?xml version="1.0" encoding="UTF-8"?>
<project xmlns:xalan="http://xml.apache.org/xslt" xmlns:j2seproject3="http://www.netbeans.org/ns/j2se-project/3" xmlns:jaxws="http://www.netbeans.org/ns/jax-ws/1">
    <!--
                ===================
                JAX-WS WSIMPORT SECTION
                ===================
            -->
    <target name="wsimport-init" depends="init">
        <mkdir dir="${build.generated.sources.dir}/jax-ws"/>
        <taskdef name="wsimport" classname="com.sun.tools.ws.ant.WsImport">
            <classpath path="${libs.jaxws21.classpath}"/>
        </taskdef>
    </target>
    <target name="wsimport-client-HelloService" depends="wsimport-init">
        <mkdir dir="${build.generated.dir}/jax-wsCache/HelloService"/>
        <property name="wsdl-HelloService" location="xml-resources/web-service-references/HelloService/wsdl/localhost_8080/HelloWebService/HelloService.wsdl"/>
        <wsimport sourcedestdir="${build.generated.dir}/jax-wsCache/HelloService" destdir="${build.generated.dir}/jax-wsCache/HelloService" wsdl="${wsdl-HelloService}" catalog="catalog.xml" extension="true" verbose="true" wsdlLocation="http://localhost:8080/HelloWebService/HelloService?WSDL" xnocompile="true">
            <depends file="${wsdl-HelloService}"/>
            <produces dir="${build.generated.dir}/jax-wsCache/HelloService"/>
        </wsimport>
        <copy todir="${build.generated.sources.dir}/jax-ws">
            <fileset dir="${build.generated.dir}/jax-wsCache/HelloService">
                <include name="**/*.java"/>
            </fileset>
        </copy>
    </target>
    <target name="wsimport-client-clean-HelloService" depends="-init-project">
        <delete dir="${build.generated.dir}/jax-wsCache/HelloService"/>
        <delete dir="${build.generated.sources.dir}/jax-ws/mypackage"/>
    </target>
    <target name="wsimport-client-generate" depends="wsimport-client-HelloService"/>
</project>
