<?xml version="1.0" encoding="UTF-8"?>
<project-private xmlns="http://www.netbeans.org/ns/project-private/1">
    <editor-bookmarks xmlns="http://www.netbeans.org/ns/editor-bookmarks/1"/>
    <open-files xmlns="http://www.netbeans.org/ns/projectui-open-files/1">
        <file>file:/C:/handson_ajax/ajaxjavascript/samples/javascript_dom/web/dom_write.html</file>
        <file>file:/C:/handson_ajax/ajaxjavascript/samples/javascript_dom/web/dom_innerHTML_simple.html</file>
        <file>file:/C:/handson_ajax/ajaxjavascript/samples/javascript_dom/web/dom_innerHTML_anchor.html</file>
        <file>file:/C:/handson_ajax/ajaxjavascript/samples/javascript_dom/web/dom_collection.html</file>
        <file>file:/C:/handson_ajax/ajaxjavascript/samples/javascript_dom/web/dom_getElementById.html</file>
        <file>file:/C:/handson_ajax/ajaxjavascript/samples/javascript_dom/web/dom_getElementsByName.html</file>
    </open-files>
</project-private>
