<?xml version="1.0" encoding="UTF-8"?><!--
  ~ Copyright (c) 2001-2007, TIBCO Software Inc.
  ~ Use, modification, and distribution subject to terms of license.
  --><data jsxid="jsxroot">
  <record jsxid="a" jsximg="" jsxtext="a"/>
  <record jsxid="b" jsximg="" jsxtext="ab&quot;"/>
  <record jsxid="c" jsximg="" jsxtext="abc"/>
  <record jsxid="d" jsximg="" jsxtext="abcd"/>
  <record jsxid="a1" jsximg="" jsxtext="abcde"/>
  <record jsxid="b1" jsximg="" jsxtext="abcdef"/>
  <record jsxid="c1" jsximg="" jsxtext="abcdefg"/>
  <record jsxid="d1" jsximg="" jsxtext="abcdefgh"/>
  <record jsxid="a2" jsximg="" jsxtext="abcdefghi"/>
  <record jsxid="b2" jsximg="" jsxtext="abcdefghij"/>
  <record jsxid="c2" jsximg="" jsxtext="abcdefghijk"/>
  <record jsxid="d2" jsximg="" jsxtext="abcdefghijkl"/>
  <record jsxid="a3" jsximg="" jsxtext="abcdefghijklm"/>
  <record jsxid="b3" jsximg="" jsxtext="abcdefghijklmn"/>
</data>