<?xml version="1.0" encoding="UTF-8"?>
<project-private xmlns="http://www.netbeans.org/ns/project-private/1">
    <editor-bookmarks xmlns="http://www.netbeans.org/ns/editor-bookmarks/1"/>
    <open-files xmlns="http://www.netbeans.org/ns/projectui-open-files/1">
        <file>file:/C:/handson_rails/rails_basics/solutions.netbeans6.9/exercise3/helloworld/app/views/hello/say_goodbye.html.erb</file>
        <file>file:/C:/handson_rails/rails_basics/solutions.netbeans6.9/exercise3/helloworld/app/views/hello/say_hello.rhtml</file>
        <file>file:/C:/handson_rails/rails_basics/solutions.netbeans6.9/exercise3/helloworld/app/controllers/hello_controller.rb</file>
    </open-files>
</project-private>
