<?xml version="1.0" encoding="UTF-8"?>
<project-private xmlns="http://www.netbeans.org/ns/project-private/1">
    <editor-bookmarks xmlns="http://www.netbeans.org/ns/editor-bookmarks/1"/>
    <open-files xmlns="http://www.netbeans.org/ns/projectui-open-files/1">
        <file>file:/C:/handson_rails/rails_activerecord/solutions/exercise4/ActiveRecord_Creation/db/migrate/20100312182509_add_email_field.rb</file>
        <file>file:/C:/handson_rails/rails_activerecord/solutions/exercise4/ActiveRecord_Creation/db/migrate/20100312204016_rename_email_field.rb</file>
        <file>file:/C:/handson_rails/rails_activerecord/solutions/exercise4/ActiveRecord_Creation/db/schema.rb</file>
    </open-files>
</project-private>
