<?xml version="1.0" encoding="UTF-8"?>
<project-private xmlns="http://www.netbeans.org/ns/project-private/1">
    <editor-bookmarks xmlns="http://www.netbeans.org/ns/editor-bookmarks/1"/>
    <open-files xmlns="http://www.netbeans.org/ns/projectui-open-files/1">
        <file>file:/C:/handsonlabs/ruby_jruby/samples/JRuby_Example_java2/lib/error.rb</file>
        <file>file:/C:/handsonlabs/ruby_jruby/samples/JRuby_Example_java2/lib/irb-applet.html</file>
        <file>file:/C:/handsonlabs/ruby_jruby/samples/JRuby_Example_java2/lib/java2.rb</file>
        <file>file:/C:/handsonlabs/ruby_jruby/samples/JRuby_Example_java2/lib/javascript.rb</file>
        <file>file:/C:/handsonlabs/ruby_jruby/samples/JRuby_Example_java2/lib/scripting.rb</file>
        <file>file:/C:/handsonlabs/ruby_jruby/samples/JRuby_Example_java2/lib/swing2.rb</file>
        <file>file:/C:/handsonlabs/ruby_jruby/samples/JRuby_Example_java2/lib/thread.rb</file>
        <file>file:/C:/handsonlabs/ruby_jruby/samples/JRuby_Example_java2/lib/xslt.rb</file>
    </open-files>
</project-private>
