<?xml version="1.0" encoding="UTF-8"?>
<project-private xmlns="http://www.netbeans.org/ns/project-private/1">
    <editor-bookmarks xmlns="http://www.netbeans.org/ns/editor-bookmarks/1"/>
    <open-files xmlns="http://www.netbeans.org/ns/projectui-open-files/1">
        <file>file:/C:/handson_ajax/ajaxdwrintro/solutions/dwr.examples.people/src/java/org/getahead/dwrdemo/people/Person.java</file>
        <file>file:/C:/handson_ajax/ajaxdwrintro/solutions/dwr.examples.people/src/java/org/getahead/dwrdemo/people/People.java</file>
        <file>file:/C:/handson_ajax/ajaxdwrintro/solutions/dwr.examples.people/web/people/index.html</file>
        <file>file:/C:/handson_ajax/ajaxdwrintro/solutions/dwr.examples.people/web/people/index.js</file>
    </open-files>
</project-private>
