<?xml version="1.0" encoding="UTF-8"?>
<project-private xmlns="http://www.netbeans.org/ns/project-private/1">
    <editor-bookmarks xmlns="http://www.netbeans.org/ns/editor-bookmarks/1"/>
    <open-files xmlns="http://www.netbeans.org/ns/projectui-open-files/1">
        <file>file:/C:/handson_rails/rails_basics/solutions/exercise1/helloworld/config/database.yml</file>
        <file>file:/C:/handson_rails/rails_basics/solutions/exercise1/helloworld/db/migrate/20100313111040_create_messages.rb</file>
        <file>file:/C:/handson_rails/rails_basics/solutions/exercise1/helloworld/test/unit/message_test.rb</file>
        <file>file:/C:/handson_rails/rails_basics/solutions/exercise1/helloworld/app/models/message.rb</file>
        <file>file:/C:/handson_rails/rails_basics/solutions/exercise1/helloworld/test/unit/helpers/hello_helper_test.rb</file>
        <file>file:/C:/handson_rails/rails_basics/solutions/exercise1/helloworld/app/helpers/hello_helper.rb</file>
        <file>file:/C:/handson_rails/rails_basics/solutions/exercise1/helloworld/test/functional/hello_controller_test.rb</file>
        <file>file:/C:/handson_rails/rails_basics/solutions/exercise1/helloworld/app/controllers/hello_controller.rb</file>
        <file>file:/C:/handson_rails/rails_basics/solutions/exercise1/helloworld/app/views/hello/say_hello.rhtml</file>
        <file>file:/C:/handson_rails/rails_basics/solutions/exercise1/helloworld/config/routes.rb</file>
        <file>file:/C:/handson_rails/rails_basics/solutions/exercise1/helloworld/config/environment.rb</file>
        <file>file:/C:/handson_rails/rails_basics/solutions/exercise1/helloworld/public/404.html</file>
        <file>file:/C:/handson_rails/rails_basics/solutions/exercise1/helloworld/public/422.html</file>
        <file>file:/C:/handson_rails/rails_basics/solutions/exercise1/helloworld/public/500.html</file>
    </open-files>
</project-private>
