<?xml version="1.0" encoding="UTF-8"?>
<project-private xmlns="http://www.netbeans.org/ns/project-private/1">
    <editor-bookmarks xmlns="http://www.netbeans.org/ns/editor-bookmarks/1"/>
    <open-files xmlns="http://www.netbeans.org/ns/projectui-open-files/1">
        <file>file:/C:/handson_rails/rails_controller/solutions.netbeans6.9/exercise2/helloname/log/development.log</file>
        <file>file:/C:/handson_rails/rails_controller/solutions.netbeans6.9/exercise2/helloname/app/controllers/hello_controller.rb</file>
        <file>file:/C:/handson_rails/rails_controller/solutions.netbeans6.9/exercise2/helloname/app/views/hello/index.html.erb</file>
        <file>file:/C:/handson_rails/rails_controller/solutions.netbeans6.9/exercise2/helloname/db/migrate/20100719213756_add_hobby_to_user.rb</file>
        <file>file:/C:/handson_rails/rails_controller/solutions.netbeans6.9/exercise2/helloname/app/views/hello/respond.html.erb</file>
        <file>file:/C:/handson_rails/rails_controller/solutions.netbeans6.9/exercise2/helloname/log/server.log</file>
        <file>file:/C:/handson_rails/rails_controller/solutions.netbeans6.9/exercise2/helloname/log/production.log</file>
    </open-files>
</project-private>
