<?xml version="1.0" encoding="UTF-8"?>
<project-private xmlns="http://www.netbeans.org/ns/project-private/1">
    <editor-bookmarks xmlns="http://www.netbeans.org/ns/editor-bookmarks/1"/>
    <open-files xmlns="http://www.netbeans.org/ns/projectui-open-files/1">
        <file>file:/C:/handson_rails/rails_associations/solutions/exercise4/rubyweblog/db/migrate/20100312222719_create_joins.rb</file>
        <file>file:/C:/handson_rails/rails_associations/solutions/exercise4/rubyweblog/test/unit/join_test.rb</file>
        <file>file:/C:/handson_rails/rails_associations/solutions/exercise4/rubyweblog/app/models/join.rb</file>
        <file>file:/C:/handson_rails/rails_associations/solutions/exercise4/rubyweblog/app/models/post.rb</file>
        <file>file:/C:/handson_rails/rails_associations/solutions/exercise4/rubyweblog/app/models/category.rb</file>
        <file>file:/C:/handson_rails/rails_associations/solutions/exercise4/rubyweblog/db/migrate/20100312223332_create_test_data_for_many_to_many.rb</file>
    </open-files>
</project-private>
