<?xml version="1.0" encoding="UTF-8"?>
<project-private xmlns="http://www.netbeans.org/ns/project-private/1">
    <editor-bookmarks xmlns="http://www.netbeans.org/ns/editor-bookmarks/1"/>
    <open-files xmlns="http://www.netbeans.org/ns/projectui-open-files/1">
        <file>file:/C:/handson_ajax/ajaxjavascript/samples/javascript_events/web/onClickEvent1.html</file>
        <file>file:/C:/handson_ajax/ajaxjavascript/samples/javascript_events/web/onClickEvent2.html</file>
        <file>file:/C:/handson_ajax/ajaxjavascript/samples/javascript_events/web/onFocusEvent.html</file>
        <file>file:/C:/handson_ajax/ajaxjavascript/samples/javascript_events/web/onBlurEvent.html</file>
        <file>file:/C:/handson_ajax/ajaxjavascript/samples/javascript_events/web/onMouseDownEvent1.html</file>
        <file>file:/C:/handson_ajax/ajaxjavascript/samples/javascript_events/web/onMouseDownEvent2.html</file>
        <file>file:/C:/handson_ajax/ajaxjavascript/samples/javascript_events/web/onMouseOverevent.html</file>
    </open-files>
</project-private>
