<?xml version="1.0" encoding="UTF-8"?><!--
  ~ Copyright (c) 2001-2007, TIBCO Software Inc.
  ~ Use, modification, and distribution subject to terms of license.
  --><data jsxid="jsxroot">
	<record group="object" include="master.xml"/>
	
	<record group="series" include="master.xml">
		<record docdefault="DEFAULT_COLUMNWIDTH (&lt;code&gt;jsx3.chart.ColumnSeries.DEFAULT_COLUMNWIDTH&lt;/code&gt;)" docgetter="getColumnWidth" docsetter="setColumnWidth" eval="1" jsxexecute="objJSX.columnWidth=vntValue;objJSX.getChart().repaint();" jsxid="columnWidth" jsxmask="jsxtext" jsxtext="Column Width" jsxtip="Sets the pixel width to use for each column in a column chart with two value axes."/>
	</record>
	
	<record group="seriesfill" include="master.xml">
    <record children="1" group="colorFunction" include="master.xml"/>
  </record>
  
  <record group="component" include="master.xml"/>
	<record group="interaction" include="master.xml"/>
</data>