<?xml version="1.0" encoding="UTF-8"?>
<project-private xmlns="http://www.netbeans.org/ns/project-private/1">
    <editor-bookmarks xmlns="http://www.netbeans.org/ns/editor-bookmarks/1"/>
    <open-files xmlns="http://www.netbeans.org/ns/projectui-open-files/1">
        <file>file:/C:/handson_ajax/ajaxdojojson/samples/dojo-json/src/java/com/esolaria/dojoex/BookManager.java</file>
        <file>file:/C:/handson_ajax/ajaxdojojson/samples/dojo-json/web/actions/book.jsp</file>
        <file>file:/C:/handson_ajax/ajaxdojojson/samples/dojo-json/web/index.jsp</file>
    </open-files>
</project-private>
